{ 
"labels" : ["Cloud Computing", "Security", "Cryptography", "System", "Database", "Vision", "Graph", "Theory"],
"records": [
  {
    "Date" : "2015-5",
    "Cloud Computing" : 55,
    "Security" : 4,
    "Cryptography" : 20,
    "System" : 25,
    "Database" : 55,
    "Vision" : 77,
    "Graph" : 45,
    "Theory" : 123
    },
  {
    "Date" : "2015-6",
    "Cloud Computing" : 55,
    "Security" : 44,
    "Cryptography" : 336,
    "System" : 22,
    "Database" : 55,
    "Vision" : 20,
    "Graph" : 10,
    "Theory" : 120
    },
  {
    "Date" : "2015-7",
    "Cloud Computing" : 50,
    "Security" : 44,
    "Cryptography" : 330,
    "System" : 22,
    "Database" : 55,
    "Vision" : 200,
    "Graph" : 10,
    "Theory" : 120
    },
  {
    "Date" : "2015-8",
    "Cloud Computing" : 55,
    "Security" : 44,
    "Cryptography" : 336,
    "System" : 22,
    "Database" : 55,
    "Vision" : 200,
    "Graph" : 10,
    "Theory" : 130
    },
  {
    "Date" : "2015-9",
    "Cloud Computing" : 55,
    "Security" : 44,
    "Cryptography" : 336,
    "System" : 22,
    "Database" : 55,
    "Vision" : 200,
    "Graph" : 10,
    "Theory" : 120
    },
  {
    "Date" : "2015-10",
    "Cloud Computing" : 55,
    "Security" : 44,
    "Cryptography" : 336,
    "System" : 22,
    "Database" : 55,
    "Vision" : 200,
    "Graph" : 101,
    "Theory" : 12
    },
  {
    "Date" : "2015-11",
    "Cloud Computing" : 55,
    "Security" : 44,
    "Cryptography" : 336,
    "System" : 22,
    "Database" : 55,
    "Vision" : 200,
    "Graph" : 10,
    "Theory" : 120
    },
  {
    "Date" : "2015-12",
    "Cloud Computing" : 55,
    "Security" : 424,
    "Cryptography" : 36,
    "System" : 22,
    "Database" : 55,
    "Vision" : 77,
    "Graph" : 10,
    "Theory" : 120
    }
  ]
}