{"records": [{"Topic": "From Matrix to Tensor: The Search for Low-Rank Approximations\u00a0", "Speaker": "Charlie Van Loan", "Description": "", "Time": "2016-01-04", "URL": "http://www.cs.cornell.edu/cv/", "University": "Cornell University", "Tags": "", "Venue": "G01 Gates Hall - Mentor's Lecture Hall"}, {"Topic": "Provably Efficient Algorithms as Tensor Equations\u00a0", "Speaker": "Edgar Solomonik", "Description": "", "Time": "2016-02-02", "URL": "https://www.inf.ethz.ch/personal/edgar.solomonik/", "University": "Cornell University", "Tags": "", "Venue": "G01 Gates Hall - Mentor's Lecture Hall"}, {"Topic": "Querying Without Keyboards: Challenges in Gesture-driven Data Exploration", "Speaker": "Arnab Nandi", "Description": "", "Time": "2016-02-04", "URL": "http://arnab.org", "University": "Cornell University", "Tags": "", "Venue": "G01 Gates Hall - Mentor's Lecture Hall"}, {"Topic": "Efficient algorithms from sparsity &amp;\u00a0structure: computational methods for\u00a0", "Speaker": "Anil Damle", "Description": "", "Time": "2016-02-04", "URL": "http://web.stanford.edu/~damle/", "University": "Cornell University", "Tags": "", "Venue": "G01 Gates Hall - Mentor's Lecture Hall"}, {"Topic": "Unleashing Hardware Potential through Better OS Abstractions", "Speaker": "Adam Belay", "Description": "", "Time": "2016-02-04", "URL": "http://www.scs.stanford.edu/~abelay/", "University": "Cornell University", "Tags": "", "Venue": "G01 Gates Hall - Mentor's Lecture Hall"}, {"Topic": ">Teaching Old Sensors New Tricks", "Speaker": "Mayank Goel", "Description": "", "Time": "2016-02-02", "URL": "http://homes.cs.washington.edu/~mayank/mayankgoel_cv.pdf", "University": "Cornell University", "Tags": "", "Venue": "G01 Gates Hall - Mentor's Lecture Hall"}, {"Topic": "Randomness, Algebra, and Computation", "Speaker": "Michael Forbes", "Description": "", "Time": "2016-02-04", "URL": "http://www.mit.edu/~miforbes/", "University": "Cornell University", "Tags": "", "Venue": "G01 Gates Hall - Mentor's Lecture Hall"}, {"Topic": "", "Speaker": "Arun Kumar", "Description": "", "Time": "2016-03-02", "URL": "http://pages.cs.wisc.edu/~arun/", "University": "Cornell University", "Tags": "", "Venue": "G01 Gates Hall - Mentor's Lecture Hall"}, {"Topic": "Scalable Gaussian Processes for Scientific Discovery", "Speaker": "Andrew Wilson", "Description": "", "Time": "2016-03-03", "URL": "http://www.cs.cmu.edu/~andrewgw/", "University": "Cornell University", "Tags": "", "Venue": "G01 Gates Hall - Mentor's Lecture Hall"}, {"Topic": "Middleboxes as a cloud service", "Speaker": "Justine Sherry", "Description": "", "Time": "2016-03-04", "URL": "http://www.cs.berkeley.edu/~justine/", "University": "Cornell University", "Tags": "", "Venue": "G01 Gates Hall - Mentor's Lecture Hall"}, {"Topic": "Adaptive Crowd Algorithms for Open-Ended Problems", "Speaker": "Lydia Chilton", "Description": "", "Time": "2016-03-01", "URL": "http://hmslydia.com/", "University": "Cornell University", "Tags": "", "Venue": "G01 Gates Hall - Mentor's Lecture Hall"}, {"Topic": "Query optimization for data science\u00a0", "Speaker": "Immanuel Trummer", "Description": "", "Time": "2016-03-02", "URL": "http://www.itrummer.org/", "University": "Cornell University", "Tags": "", "Venue": "G01 Gates Hall - Mentor's Lecture Hall"}, {"Topic": "The Role of Interaction in Parallel Computing and Economics\u00a0", "Speaker": "O", "Description": "", "Time": "2016-03-04", "URL": "http://www.philkr.net/", "University": "Cornell University", "Tags": "", "Venue": "G01 Gates Hall - Mentor's Lecture Hall"}, {"Topic": "Breaking Barriers between Humans and Geometry", "Speaker": "Alec Jacobson", "Description": "", "Time": "2016-03-02", "URL": "http://www.cs.columbia.edu/~jacobson/", "University": "Cornell University", "Tags": "", "Venue": "G01 Gates Hall - Mentor's Lecture Hall"}, {"Topic": "Building Systems that Query on Compressed Data", "Speaker": "Rachit Agarwal", "Description": "", "Time": "2016-03-02", "URL": "http://www.cs.berkeley.edu/~rachit/", "University": "Cornell University", "Tags": "", "Venue": "G01 Gates Hall - Mentor's Lecture Hall"}, {"Topic": "Improving the Efficiency and Reliability of Data Center Networks", "Speaker": "V", "Description": "", "Time": "2016-03-04", "URL": "http://www.cs.princeton.edu/~oweinste/", "University": "Cornell University", "Tags": "", "Venue": "G01 Gates Hall - Mentor's Lecture Hall"}, {"Topic": "Topic/Title TBD", "Speaker": "Philipp Kr\u00e4henb\u00fchl", "Description": "", "Time": "2016-04-02", "URL": "http://www.philkr.net/", "University": "Cornell University", "Tags": "", "Venue": "G01 Gates Hall - Mentor's Lecture Hall"}, {"Topic": "Topic/Title TBD", "Speaker": "Roger Grosse", "Description": "", "Time": "2016-04-04", "URL": "http://www.cs.toronto.edu/~rgrosse/", "University": "Cornell University", "Tags": "", "Venue": "G01 Gates Hall - Mentor's Lecture Hall"}, {"Topic": "Physically-Based Simulation for Animation and Fabrication", "Speaker": "D", "Description": "", "Time": "2016-04-02", "URL": "http://homes.cs.washington.edu/~vincent/", "University": "Cornell University", "Tags": "", "Venue": "G01 Gates Hall - Mentor's Lecture Hall"}, {"Topic": "Topic/Title TBD", "Speaker": "Aditya Khosla", "Description": "", "Time": "2016-04-04", "URL": "https://people.csail.mit.edu/khosla/", "University": "Cornell University", "Tags": "", "Venue": "G01 Gates Hall - Mentor's Lecture Hall"}, {"Topic": "Topic/Title TBD", "Speaker": "Sameer Singh", "Description": "", "Time": "2016-04-02", "URL": "http://sameersingh.org/", "University": "Cornell University", "Tags": "", "Venue": "G01 Gates Hall - Mentor's Lecture Hall"}, {"Topic": "Topic/Title TBD", "Speaker": "Katerina\u00a0Fragkiadaki", "Description": "", "Time": "2016-04-04", "URL": "http://www.cs.berkeley.edu/~katef/", "University": "Cornell University", "Tags": "", "Venue": "G01 Gates Hall - Mentor's Lecture Hall"}, {"Topic": "Topic/Title TBD", "Speaker": "Dimitris Papailiopoulos", "Description": "", "Time": "2016-04-02", "URL": "http://www.eecs.berkeley.edu/~dimitrisp/", "University": "Cornell University", "Tags": "", "Venue": "G01 Gates Hall - Mentor's Lecture Hall"}, {"Topic": "Wireless Systems that Extend Our Senses: Seeing Through Walls, Gesture Control, and Vital Sign Monitoring", "Speaker": "Fadel Adib", "Description": "", "Time": "2016-04-04", "URL": "https://people.csail.mit.edu/fadel/", "University": "Cornell University", "Tags": "", "Venue": "G01 Gates Hall - Mentor's Lecture Hall"}, {"Topic": "Topic/Title TBD", "Speaker": "Ethan Katz-Bassett", "Description": "", "Time": "2016-05-02", "URL": "http://www-bcf.usc.edu/~katzbass/", "University": "Cornell University", "Tags": "", "Venue": "G01 Gates Hall - Mentor's Lecture Hall"}, {"Topic": "Topic/Title TBD", "Speaker": "Jonathan Ragan-Kelley", "Description": "", "Time": "2016-05-04", "URL": "http://people.csail.mit.edu/jrk/", "University": "Cornell University", "Tags": "", "Venue": "G01 Gates Hall - Mentor's Lecture Hall"}, {"Topic": "Topic/Title TBD", "Speaker": "Tong Zhang", "Description": "", "Time": "2016-05-02", "URL": "http://www.stat.rutgers.edu/home/tzhang/", "University": "Cornell University", "Tags": "", "Venue": "G01 Gates Hall - Mentor's Lecture Hall"}, {"Topic": "", "Speaker": "", "Description": "", "Time": "2016-05-04", "URL": "", "University": "Cornell University", "Tags": "", "Venue": "G01 Gates Hall - Mentor's Lecture Hall"}, {"Topic": "Getting More Women into Tech Careers and Why It Matters", "Speaker": "Maria Klawe", "Description": "", "Time": "2016-01-20", "URL": "http://www.eecs.berkeley.edu/Colloquium/Archives/15-16/Spring2016/klawe.shtml", "University": "University of California, Berkeley", "Tags": "", "Venue": "HP Auditorium, 306 Soda Hall"}, {"Topic": "Transforming Nanodevices into Nanosystems: The N3XT 1,000X", "Speaker": "Subhasish Mitra", "Description": "", "Time": "2016-01-27", "URL": "http://www.eecs.berkeley.edu/Colloquium/Archives/15-16/Spring2016/mitra.shtml", "University": "University of California, Berkeley", "Tags": "", "Venue": "HP Auditorium, 306 Soda Hall"}, {"Topic": "DeepDive: A Dark Data System", "Speaker": "Chris R\u00e9", "Description": "", "Time": "2016-02-03", "URL": "http://www.eecs.berkeley.edu/Colloquium/Archives/15-16/Spring2016/re.shtml", "University": "University of California, Berkeley", "Tags": "", "Venue": "HP Auditorium, 306 Soda Hall"}, {"Topic": "Learning Structured, Robust, and Multimodal Deep Models", "Speaker": "Ruslan Salakhutdinov", "Description": "", "Time": "2016-02-10", "URL": "http://www.eecs.berkeley.edu/Colloquium/Archives/15-16/Spring2016/salakhutdinov.shtml", "University": "University of California, Berkeley", "Tags": "", "Venue": "HP Auditorium, 306 Soda Hall"}, {"Topic": "Sum-Product Networks: Deep Models with Tractable Inference", "Speaker": "Pedro Domingos", "Description": "", "Time": "2016-02-17", "URL": "http://www.eecs.berkeley.edu/Colloquium/Archives/15-16/Spring2016/domingos.shtml", "University": "University of California, Berkeley", "Tags": "", "Venue": "HP Auditorium, 306 Soda Hall"}]}