{"records": [{"Topic": "Getting More Women into Tech Careers and Why It Matters", "Speaker": "Maria Klawe", "Description": "", "Time": "None", "URL": "http://www.eecs.berkeley.edu/Colloquium/Archives/15-16/Spring2016/klawe.shtml", "University": "University of California, Berkeley", "Tags": "", "Venue": "HP Auditorium, 306 Soda Hall"}, {"Topic": "Transforming Nanodevices into Nanosystems: The N3XT 1,000X", "Speaker": "Subhasish Mitra", "Description": "", "Time": "None", "URL": "http://www.eecs.berkeley.edu/Colloquium/Archives/15-16/Spring2016/mitra.shtml", "University": "University of California, Berkeley", "Tags": "", "Venue": "HP Auditorium, 306 Soda Hall"}, {"Topic": "DeepDive: A Dark Data System", "Speaker": "Chris R\u00e9", "Description": "", "Time": "None", "URL": "http://www.eecs.berkeley.edu/Colloquium/Archives/15-16/Spring2016/re.shtml", "University": "University of California, Berkeley", "Tags": "", "Venue": "HP Auditorium, 306 Soda Hall"}, {"Topic": "Learning Structured, Robust, and Multimodal Deep Models", "Speaker": "Ruslan Salakhutdinov", "Description": "", "Time": "None", "URL": "http://www.eecs.berkeley.edu/Colloquium/Archives/15-16/Spring2016/salakhutdinov.shtml", "University": "University of California, Berkeley", "Tags": "", "Venue": "HP Auditorium, 306 Soda Hall"}, {"Topic": "Sum-Product Networks: Deep Models with Tractable Inference", "Speaker": "Pedro Domingos", "Description": "", "Time": "None", "URL": "http://www.eecs.berkeley.edu/Colloquium/Archives/15-16/Spring2016/domingos.shtml", "University": "University of California, Berkeley", "Tags": "", "Venue": "HP Auditorium, 306 Soda Hall"}]}