{"records": [{"Topic": "Fractional Derivatives and Their Applications", "Speaker": "Om Agrawal", "Description": "", "Time": "2016-01-27", "URL": "http://illinois.edu/emailer/newsletter/88105.html", "University": "UIUC", "Tags": "", "Venue": "NCSA Room 1040"}, {"Topic": "Particle Approaches for Modeling Multi-scale Nonequilibrium Flows", "Speaker": "Debbie Levin", "Description": "", "Time": "2016-02-10", "URL": "http://illinois.edu/emailer/newsletter/89351.html", "University": "UIUC", "Tags": "", "Venue": "NCSA Room 1040"}, {"Topic": "Elements of an Effective Sparse Solver", "Speaker": "Luke Olson", "Description": "", "Time": "2016-02-24", "URL": "http://illinois.edu/emailer/newsletter/89749.html", "University": "UIUC", "Tags": "", "Venue": "NCSA Room 1040"}, {"Topic": "Bridging the Gap between Continuum and Rarefied Non-equilibrium Flows: New Perspectives from Kinetic Methods and Theory", "Speaker": "Kelly Stephani", "Description": "", "Time": "2016-03-09", "URL": "http://illinois.edu/emailer/newsletter/91017.html", "University": "UIUC", "Tags": "", "Venue": "NCSA Room 1040"}, {"Topic": "Simulation of 3-D Hydraulic Fracture Propagation and Interactions Near a Wellbore", "Speaker": "Armando Duarte", "Description": "", "Time": "2016-04-06", "URL": "http://cse.illinois.edu/news-events/seminars/seminar-flyer-apr-6-2016", "University": "UIUC", "Tags": "", "Venue": "NCSA Room 1040"}, {"Topic": "TBD", "Speaker": "Karthik Chandrasekaran", "Description": "", "Time": "2016-04-20", "URL": "", "University": "UIUC", "Tags": "", "Venue": "NCSA Room 1040"}]}